{"_timestamp":1.7779039655806663e+09,"_step":2793,"_wandb":{"runtime":2236},"_runtime":2236,"loss":0.0044235000386834145,"reward_avg":-0.01875000074505806,"score":20,"epsilon":0.01}