{"score":20,"epsilon":0.7624,"_timestamp":1.7775589668535593e+09,"_step":3,"_runtime":18,"_wandb":{"runtime":18},"loss":5.0930023193359375,"reward_avg":-0.8921874761581421}