{"loss":9.357810020446777,"reward_avg":-0.10312500596046448,"score":20,"epsilon":0.01,"_timestamp":1.777734746720673e+09,"_wandb":{"runtime":2735},"_runtime":2735,"_step":2952}