{"_runtime":93,"loss":2.456976890563965,"reward_avg":-0.23750001192092896,"score":20,"epsilon":0.84754,"_timestamp":1.7775557454852393e+09,"_step":26,"_wandb":{"runtime":93}}