{"_runtime":532,"_wandb":{"runtime":532},"epsilon":0.01165000000000005,"_timestamp":1.7779794864079545e+09,"_step":563,"loss":0.009583590552210808,"reward_avg":0.234375,"score":100}