{"_step":290,"loss":2.9609270095825195,"reward_avg":1.8987499475479126,"score":20,"epsilon":0.01,"_wandb":{"runtime":277},"_runtime":277,"_timestamp":1.7779970225761864e+09}