{"reward_avg":-0.09687500447034836,"score":20,"epsilon":0.2,"_timestamp":1.7775622426298058e+09,"_wandb":{"runtime":386},"_runtime":386,"_step":373,"loss":0.06041683629155159}