{"_wandb":{"runtime":492},"_runtime":492,"_step":602,"loss":0.01098612230271101,"reward_avg":0.14218750596046448,"score":220,"epsilon":0.01,"_timestamp":1.7779051896249774e+09}