{"_wandb":{"runtime":126},"_runtime":126,"loss":18.408437728881836,"reward_avg":0.8647812008857727,"score":20,"epsilon":0.01,"_timestamp":1.7780688811234953e+09,"_step":101}