{"reward_avg":-0.7765624523162842,"score":40,"epsilon":0.01,"_timestamp":1.777564455863197e+09,"_step":937,"_wandb":{"runtime":939},"_runtime":939,"loss":1.0412288904190063}