{"_timestamp":1.7778945553836951e+09,"_step":2,"loss":0.0008448801236227155,"reward_avg":-1.6796875,"score":20,"_wandb":{"runtime":33},"_runtime":33,"epsilon":0.49114}