{"epsilon":0.01,"_timestamp":1.7779834453788204e+09,"_wandb":{"runtime":777},"_runtime":777,"_step":901,"loss":0.0024048257619142532,"reward_avg":0.25,"score":20}