{"reward_avg":0.4000000059604645,"_wandb":{"runtime":675},"_runtime":675,"score":20,"epsilon":0.01,"_timestamp":1.777974213378331e+09,"_step":788,"loss":0.05768873170018196}