{"reward_avg":0.2593750059604645,"score":140,"_wandb":{"runtime":507},"_runtime":507,"epsilon":0.01,"_timestamp":1.7779976049243414e+09,"_step":596,"loss":0.03075994923710823}