{"loss":0.003105778247117996,"reward_avg":1,"_wandb":{"runtime":581},"_runtime":581,"score":100,"epsilon":0.01,"_timestamp":1.777977489011001e+09,"_step":673}