{"_timestamp":1.778067635351117e+09,"_step":15,"loss":0.4856116771697998,"_wandb":{"runtime":21},"_runtime":21,"reward_avg":0.8681874871253967,"score":20,"epsilon":0.01}