{"score":80,"epsilon":0.01,"_timestamp":1.7777180603027015e+09,"_step":1152,"loss":0.0006107898079790175,"_wandb":{"runtime":872},"_runtime":872,"reward_avg":0.05000000074505806}