{"loss":0.007696968503296375,"reward_avg":0.15000000596046448,"score":580,"epsilon":0.01,"_timestamp":1.7779702899605808e+09,"_wandb":{"runtime":77},"_runtime":77,"_step":100}