{"_wandb":{"runtime":2761},"_runtime":2761,"loss":9.758842468261719,"reward_avg":-0.706250011920929,"score":80,"epsilon":0.01,"_timestamp":1.7777410402590232e+09,"_step":3185}