{"loss":0.6319348216056824,"reward_avg":0.34375,"score":80,"epsilon":0.01,"_runtime":38,"_wandb":{"runtime":38},"_timestamp":1.777978659494425e+09,"_step":29}