{"loss":0.005797806195914745,"reward_avg":-0.05000000074505806,"score":40,"epsilon":0.01,"_timestamp":1.7775494918215692e+09,"_wandb":{"runtime":372},"_runtime":372,"_step":419}