{"_runtime":3,"_wandb":{"runtime":3},"epsilon":0.9703,"_timestamp":1.777734833108383e+09,"_step":0,"loss":4.419167995452881,"reward_avg":0.012500000186264515,"score":20}