{"_wandb":{"runtime":27},"_runtime":27,"reward_avg":-0.06562500447034836,"score":20,"epsilon":0.01,"_timestamp":1.7775543741832614e+09,"_step":32,"loss":0.034072451293468475}