{"_runtime":22,"_step":23,"loss":7.7226738929748535,"reward_avg":-0.1875,"score":20,"epsilon":0.01,"_timestamp":1.7779016962647624e+09,"_wandb":{"runtime":22}}