{"epsilon":0.01,"_timestamp":1.7780014254733074e+09,"_wandb":{"runtime":2723},"_runtime":2723,"_step":3756,"loss":0.2579314708709717,"reward_avg":0.9525312781333923,"score":20}