{"score":60,"epsilon":0.01,"_timestamp":1.7779872112519357e+09,"_wandb":{"runtime":1066},"_runtime":1066,"_step":1245,"loss":0.08378953486680984,"reward_avg":0.5}