{"_wandb":{"runtime":106},"_runtime":106,"_timestamp":1.7775623621227229e+09,"_step":115,"loss":1.1953668594360352,"reward_avg":-0.15937501192092896,"score":20,"epsilon":0.01}