{"_step":0,"loss":17.070858001708984,"reward_avg":-1.3250000476837158,"_wandb":{"runtime":10},"_runtime":10,"score":20,"epsilon":0.9814375,"_timestamp":1.7775631197411745e+09}