{"loss":0.040500108152627945,"reward_avg":-0.15562498569488525,"score":80,"epsilon":0.01,"_timestamp":1.7775629507901173e+09,"_wandb":{"runtime":369},"_runtime":369,"_step":416}