{"epsilon":0.01,"_wandb":{"runtime":908},"_runtime":908,"_timestamp":1.7777319948579412e+09,"_step":983,"loss":0.45176494121551514,"reward_avg":-0.19374999403953552,"score":20}