{"_timestamp":1.777561763703544e+09,"_step":544,"loss":0.0009423073497600853,"reward_avg":-0.05000000074505806,"score":1580,"_wandb":{"runtime":405},"_runtime":405,"epsilon":0.01}