{"_wandb":{"runtime":336},"_runtime":336,"score":160,"epsilon":0.01,"_timestamp":1.7779785542747483e+09,"_step":317,"loss":0.027521876618266106,"reward_avg":0.5}