{"score":20,"epsilon":0.01,"_timestamp":1.7779859209989288e+09,"_step":917,"loss":0.3302587866783142,"_wandb":{"runtime":794},"_runtime":794,"reward_avg":-0.578125}