{"_timestamp":1.7778193297211142e+09,"_wandb":{"runtime":824},"_runtime":824,"_step":860,"loss":3.5753369331359863,"reward_avg":0.30611976981163025,"score":20,"epsilon":0.01}