{"epsilon":0.01,"_timestamp":1.7779806260440564e+09,"_step":576,"loss":0.003940933384001255,"_wandb":{"runtime":527},"_runtime":527,"reward_avg":0.234375,"score":80}