{"epsilon":0.01,"_timestamp":1.7778184644721913e+09,"_step":1275,"loss":1.2484495639801025,"reward_avg":-0.21406251192092896,"_wandb":{"runtime":1136},"_runtime":1136,"score":20}