{"_runtime":16,"_wandb":{"runtime":16},"epsilon":0.01,"_timestamp":1.7780625252551568e+09,"_step":14,"loss":0.15345831215381622,"reward_avg":0.9480624794960022,"score":300}