{"_step":995,"loss":0.0019399125594645739,"reward_avg":0.04062499850988388,"_wandb":{"runtime":797},"_runtime":797,"score":20,"epsilon":0.01,"_timestamp":1.7777382624446142e+09}