{"loss":0.5241462588310242,"_wandb":{"runtime":179},"_runtime":179,"reward_avg":0.25,"score":100,"epsilon":0.01,"_timestamp":1.7779952193225863e+09,"_step":108}