{"reward_avg":-0.1953125,"score":20,"epsilon":0.01,"_timestamp":1.777730978260332e+09,"_wandb":{"runtime":639},"_runtime":639,"_step":686,"loss":3.943782329559326}