{"loss":68.9041519165039,"_wandb":{"runtime":1112},"_runtime":1112,"reward_avg":1.3343020677566528,"score":20,"epsilon":0.01,"_timestamp":1.7782010440136392e+09,"_step":837}