{"_wandb":{"runtime":40},"_runtime":40,"_timestamp":1.7779981502890143e+09,"_step":3,"loss":0.0002253075217595324,"reward_avg":0.0007812604308128357,"score":20,"epsilon":0.01}