{"reward_avg":0.5,"score":300,"epsilon":0.01,"_timestamp":1.777976846373137e+09,"_step":569,"loss":0.0006220511859282851,"_wandb":{"runtime":524},"_runtime":524}