{"score":20,"epsilon":0.8713,"_wandb":{"runtime":6},"_runtime":6,"_timestamp":1.7775667959377828e+09,"_step":1,"loss":14.26188850402832,"reward_avg":-1.1874998807907104}