{"_wandb":{"runtime":213},"_runtime":213,"score":100,"epsilon":0.15355000000000008,"_timestamp":1.7775612718451612e+09,"_step":238,"loss":0.07076024264097214,"reward_avg":-0.09687500447034836}