{"_wandb":{"runtime":46},"_runtime":46,"score":40,"epsilon":0.01,"_timestamp":1.7782540602614324e+09,"_step":42,"loss":47.30268096923828,"reward_avg":1.2772291898727417}