{"_timestamp":1.7777198445568867e+09,"_wandb":{"runtime":252},"_runtime":252,"_step":193,"loss":0.01423581037670374,"reward_avg":0.02187499962747097,"score":20,"epsilon":0.34858}