{"_wandb":{"runtime":411},"_runtime":411,"_step":458,"loss":0.017409196123480797,"reward_avg":0.4000000059604645,"score":20,"epsilon":0.01,"_timestamp":1.777970963599335e+09}