{"epsilon":0.01,"_timestamp":1.7779799573012257e+09,"_step":84,"loss":0.021902889013290405,"reward_avg":0.40625,"_wandb":{"runtime":68},"_runtime":68,"score":240}