{"_step":1352,"loss":0.02902008593082428,"reward_avg":0.20000000298023224,"score":1420,"epsilon":0.01,"_timestamp":1.7777373937804449e+09,"_wandb":{"runtime":1223},"_runtime":1223}