{"_timestamp":1.778254211573398e+09,"_runtime":139,"_wandb":{"runtime":139},"_step":142,"loss":20.463361740112305,"reward_avg":1.4888125658035278,"score":180,"epsilon":0.01}