{"_runtime":1978,"_wandb":{"runtime":1978},"score":100,"epsilon":0.01,"_timestamp":1.7777451657616186e+09,"_step":2068,"loss":2.855759859085083,"reward_avg":-1.118749976158142}