{"reward_avg":-0.53125,"score":20,"epsilon":0.01,"_runtime":1057,"_wandb":{"runtime":1057},"_timestamp":1.777981749373921e+09,"_step":1170,"loss":0.14230656623840332}