{"score":40,"_wandb":{"runtime":6},"_runtime":6,"epsilon":0.01,"_timestamp":1.7775618284862032e+09,"_step":5,"loss":0.01477454137057066,"reward_avg":-0.05000000074505806}