{"_timestamp":1.777828900683611e+09,"_step":3336,"loss":26.206974029541016,"reward_avg":0.29609376192092896,"_runtime":3371,"_wandb":{"runtime":3371},"score":40,"epsilon":0.01}