{"score":300,"epsilon":0.01,"_timestamp":1.7780076339251957e+09,"_wandb":{"runtime":3026},"_runtime":3026,"_step":3884,"loss":0.40735143423080444,"reward_avg":0.9600312113761902}