{"_step":424,"loss":0.10949085652828217,"reward_avg":0.25,"score":100,"epsilon":0.01,"_timestamp":1.777989779071609e+09,"_wandb":{"runtime":370},"_runtime":370}