{"_wandb":{"runtime":185},"_runtime":185,"loss":0.012813055887818336,"reward_avg":1.2453124523162842,"score":20,"epsilon":0.46738,"_timestamp":1.7779014827690327e+09,"_step":682}