{"_step":454,"loss":0.020817101001739502,"reward_avg":0.6803125143051147,"score":40,"epsilon":0.01,"_timestamp":1.7779980776099098e+09,"_wandb":{"runtime":397},"_runtime":397}