{"loss":0.001667663687840104,"_wandb":{"runtime":1019},"_runtime":1019,"reward_avg":-0.05000000074505806,"score":40,"epsilon":0.01,"_timestamp":1.7777431193162508e+09,"_step":1362}