{"score":40,"epsilon":0.01,"_timestamp":1.7775481620870638e+09,"_wandb":{"runtime":139},"_runtime":139,"_step":168,"loss":0.3087374269962311,"reward_avg":-0.16875000298023224}