{"_runtime":1452,"reward_avg":1.4789791107177734,"score":60,"epsilon":0.01,"_timestamp":1.7780703546085625e+09,"_step":1431,"loss":15.422479629516602,"_wandb":{"runtime":1452}}