{"loss":1.1437684297561646,"_wandb":{"runtime":211},"_runtime":211,"reward_avg":0.5,"score":40,"epsilon":0.01,"_timestamp":1.7779777599409893e+09,"_step":173}