{"score":20,"epsilon":0.59014,"_wandb":{"runtime":243},"_runtime":243,"_timestamp":1.777556020194187e+09,"_step":134,"loss":5.684101104736328,"reward_avg":-0.7984374761581421}