{"loss":0.004153098911046982,"reward_avg":0.05000000074505806,"_wandb":{"runtime":916},"_runtime":916,"score":40,"epsilon":0.01,"_timestamp":1.7777207893341496e+09,"_step":1181}