{"epsilon":0.01,"_wandb":{"runtime":562},"_runtime":562,"_timestamp":1.7779964925631382e+09,"_step":621,"loss":3.6425275802612305,"reward_avg":1.9096875190734863,"score":60}