{"reward_avg":-0.06562500447034836,"score":60,"epsilon":0.01,"_timestamp":1.7775490588193192e+09,"_step":252,"_wandb":{"runtime":203},"_runtime":203,"loss":0.005864101927727461}