{"_step":559,"loss":0.0039089154452085495,"reward_avg":-0.05000000074505806,"score":660,"epsilon":0.01,"_timestamp":1.7775666221744194e+09,"_wandb":{"runtime":473},"_runtime":473}