{"reward_avg":-0.15312501788139343,"score":20,"epsilon":0.01,"_timestamp":1.7775587640986497e+09,"_step":3747,"_wandb":{"runtime":2714},"_runtime":2714,"loss":0.10385191440582275}