{"reward_avg":0.895187497138977,"score":60,"epsilon":0.01,"_wandb":{"runtime":18},"_runtime":18,"_timestamp":1.7781633815877407e+09,"_step":17,"loss":1.543689250946045}