{"_wandb":{"runtime":260},"_runtime":260,"epsilon":0.01,"_timestamp":1.7779985064266667e+09,"_step":235,"loss":0.0469764769077301,"reward_avg":0.6813437342643738,"score":60}