{"epsilon":0.01,"_timestamp":1.777563446659969e+09,"_step":615,"loss":0.24128374457359314,"_wandb":{"runtime":246},"_runtime":246,"reward_avg":-0.2906249761581421,"score":20}