{"_wandb":{"runtime":635},"_runtime":635,"_step":730,"loss":0.02024642378091812,"reward_avg":0.4000000059604645,"score":280,"epsilon":0.01,"_timestamp":1.7779749381539268e+09}