{"loss":2.0169878005981445,"reward_avg":-0.375,"score":80,"epsilon":0.61885,"_wandb":{"runtime":206},"_runtime":206,"_timestamp":1.7777351340918963e+09,"_step":215}