{"reward_avg":-0.07343750447034836,"score":800,"epsilon":0.01,"_timestamp":1.7778960887104416e+09,"_wandb":{"runtime":32},"_runtime":32,"_step":39,"loss":0.0036919093690812588}