{"_step":441,"loss":0.14592070877552032,"reward_avg":-0.19374999403953552,"score":60,"_wandb":{"runtime":405},"_runtime":405,"epsilon":0.01,"_timestamp":1.777561006127698e+09}