{"_wandb":{"runtime":26},"_runtime":26,"_step":18,"loss":0.41110241413116455,"reward_avg":-1.5784375667572021,"score":20,"epsilon":0.01,"_timestamp":1.777996700724422e+09}