{"score":80,"epsilon":0.01,"_timestamp":1.7779956412685661e+09,"_step":392,"_runtime":370,"_wandb":{"runtime":370},"loss":69.29193115234375,"reward_avg":0.2231249213218689}