{"_runtime":143,"loss":0.017505180090665817,"reward_avg":0.5,"score":60,"epsilon":0.02,"_timestamp":1.7779762879154005e+09,"_step":83,"_wandb":{"runtime":143}}