{"loss":0.046967897564172745,"reward_avg":0.09656250476837158,"score":20,"_wandb":{"runtime":193},"_runtime":193,"epsilon":0.04630000000000001,"_timestamp":1.7779719203789208e+09,"_step":182}