{"_runtime":6,"_step":3,"loss":1.6070114374160767,"reward_avg":0.718874990940094,"score":40,"epsilon":0.01,"_timestamp":1.7780679658173766e+09,"_wandb":{"runtime":6}}