{"_wandb":{"runtime":1371},"_runtime":1371,"score":80,"epsilon":0.01,"_timestamp":1.7779849362397702e+09,"_step":1512,"loss":53.31415939331055,"reward_avg":-1.8671875}