{"loss":0.18936209380626678,"reward_avg":-0.09687500447034836,"score":40,"epsilon":0.01,"_timestamp":1.7775593539423573e+09,"_step":1389,"_wandb":{"runtime":346},"_runtime":346}