{"reward_avg":0.9174374938011169,"score":40,"epsilon":0.01,"_timestamp":1.7781998241955428e+09,"_wandb":{"runtime":711},"_runtime":711,"_step":558,"loss":0.21720802783966064}