{"reward_avg":-0.11250001192092896,"score":20,"epsilon":0.11518750000000011,"_timestamp":1.7775661261438093e+09,"_step":849,"loss":0.012923580594360828,"_wandb":{"runtime":781},"_runtime":781}