{"_timestamp":1.7778945059748116e+09,"_step":1073,"loss":0.06018088757991791,"reward_avg":0.612500011920929,"score":120,"epsilon":0.01,"_wandb":{"runtime":871},"_runtime":871}