{"_timestamp":1.777980037155396e+09,"_wandb":{"runtime":6},"_runtime":6,"_step":4,"loss":0.019290680065751076,"reward_avg":0.046875,"score":20,"epsilon":0.01}