{"_step":13,"loss":0.6069343090057373,"reward_avg":0.7334374785423279,"score":40,"epsilon":0.01,"_timestamp":1.7780682696821094e+09,"_wandb":{"runtime":17},"_runtime":17}