{"loss":0.02371441386640072,"reward_avg":1.6112499237060547,"score":20,"epsilon":0.01,"_timestamp":1.7779956712793314e+09,"_wandb":{"runtime":2},"_runtime":2,"_step":0}