{"reward_avg":-0.714062511920929,"_wandb":{"runtime":348},"_runtime":348,"score":20,"epsilon":0.01,"_timestamp":1.7775602493901029e+09,"_step":1284,"loss":9.784589767456055}