{"score":40,"epsilon":0.5446,"_timestamp":1.7777181401950786e+09,"_step":33,"loss":0.5328366756439209,"reward_avg":-0.05312500149011612,"_wandb":{"runtime":51},"_runtime":51}