{"reward_avg":1.5476250648498535,"score":60,"epsilon":0.01,"_timestamp":1.7780733263313565e+09,"_step":3143,"_wandb":{"runtime":2887},"_runtime":2887,"loss":28.547931671142578}