{"_step":406,"loss":0.022241055965423584,"reward_avg":-0.01875000074505806,"score":80,"epsilon":0.6139,"_timestamp":1.7779016653662324e+09,"_wandb":{"runtime":119},"_runtime":119}