{"_wandb":{"runtime":676},"_runtime":676,"loss":0.0061530424281954765,"reward_avg":0.4000000059604645,"score":140,"epsilon":0.01,"_timestamp":1.7779759368546138e+09,"_step":806}