{"_step":87,"_wandb":{"runtime":74},"_runtime":74,"loss":0.07302804291248322,"reward_avg":-0.12187500298023224,"score":60,"epsilon":0.01,"_timestamp":1.777537722994391e+09}