{"_step":4,"loss":0.0013322073500603437,"reward_avg":-1.975000023841858,"_wandb":{"runtime":121},"_runtime":121,"score":20,"epsilon":0.16383076923076922,"_timestamp":1.7779734491948173e+09}