{"loss":0.026587046682834625,"reward_avg":-0.13125000894069672,"_wandb":{"runtime":526},"_runtime":526,"score":40,"epsilon":0.01,"_timestamp":1.7775549208539264e+09,"_step":680}