{"reward_avg":0.8106562495231628,"_wandb":{"runtime":15},"_runtime":15,"score":120,"epsilon":0.01,"_timestamp":1.7780677508646011e+09,"_step":10,"loss":0.18876464664936066}