{"_step":1411,"_wandb":{"runtime":1307},"_runtime":1307,"loss":20.1264591217041,"reward_avg":2.260197877883911,"score":20,"epsilon":0.01,"_timestamp":1.7781493667723248e+09}