{"score":40,"epsilon":0.01,"_timestamp":1.7775487411317108e+09,"_step":1650,"loss":0.06714082509279251,"reward_avg":-0.15312501788139343,"_wandb":{"runtime":558},"_runtime":558}