{"_runtime":683,"loss":0.0643397718667984,"reward_avg":0.04374999925494194,"score":20,"epsilon":0.01,"_timestamp":1.7775675850718222e+09,"_step":730,"_wandb":{"runtime":683}}