{"epsilon":0.01,"_timestamp":1.7781620138829298e+09,"_step":32,"_wandb":{"runtime":34},"_runtime":34,"loss":22.482208251953125,"reward_avg":2.4697811603546143,"score":40}