{"reward_avg":0.4000000059604645,"score":60,"epsilon":0.01,"_wandb":{"runtime":362},"_runtime":362,"_timestamp":1.7779713331571853e+09,"_step":425,"loss":0.011545484885573387}