{"epsilon":0.01,"_timestamp":1.777550111231944e+09,"_runtime":399,"_wandb":{"runtime":399},"_step":527,"loss":0.013835558667778969,"reward_avg":-0.10625000298023224,"score":160}