{"_step":1358,"loss":0.044256266206502914,"reward_avg":-0.3072916269302368,"score":100,"_wandb":{"runtime":1260},"_runtime":1260,"epsilon":0.01,"_timestamp":1.777719407278869e+09}