{"epsilon":0.24760000000000004,"_wandb":{"runtime":59},"_runtime":59,"_timestamp":1.7779041776660726e+09,"_step":26,"loss":0.002481217496097088,"reward_avg":-0.6812499761581421,"score":60}