{"_step":1109,"_wandb":{"runtime":840},"_runtime":840,"loss":0.0011348865227773786,"reward_avg":0.012500000186264515,"score":20,"epsilon":0.01,"_timestamp":1.7777420443881576e+09}