{"_step":375,"loss":0.2834326922893524,"_wandb":{"runtime":310},"_runtime":310,"reward_avg":-0.754687488079071,"score":200,"epsilon":0.01,"_timestamp":1.7775552819805086e+09}