{"_timestamp":1.7777361497841077e+09,"_step":1000,"_wandb":{"runtime":937},"_runtime":937,"loss":1.052649736404419,"reward_avg":0.16875000298023224,"score":200,"epsilon":0.01990000000000014}