{"_timestamp":1.777895978387328e+09,"_step":1851,"loss":0.004028561990708113,"reward_avg":-0.07343750447034836,"score":80,"epsilon":0.01,"_runtime":1400,"_wandb":{"runtime":1400}}