{"loss":29.253816604614258,"reward_avg":0.6082030534744263,"score":20,"_wandb":{"runtime":3721},"_runtime":3721,"epsilon":0.01,"_timestamp":1.7779001674099555e+09,"_step":4033}