{"_wandb":{"runtime":183},"_step":98,"loss":0.003544996492564678,"reward_avg":0.09531250596046448,"score":20,"epsilon":0.18820000000000003,"_timestamp":1.7779752262524333e+09,"_runtime":183}