{"_runtime":9,"_wandb":{"runtime":9},"_timestamp":1.7777348972155678e+09,"_step":5,"loss":8.541975975036621,"reward_avg":-1.482812523841858,"score":20,"epsilon":0.97525}