{"loss":0.08270452171564102,"reward_avg":-0.09687500447034836,"score":20,"epsilon":0.01,"_timestamp":1.7775604701249015e+09,"_step":618,"_wandb":{"runtime":207},"_runtime":207}