{"_wandb":{"runtime":247},"_runtime":247,"loss":0.17612680792808533,"reward_avg":-0.07125002145767212,"score":240,"epsilon":0.01,"_timestamp":1.7779716522257733e+09,"_step":264}