{"_step":695,"loss":0.08825065195560455,"_wandb":{"runtime":563},"_runtime":563,"reward_avg":0.02093750424683094,"score":100,"epsilon":0.01,"_timestamp":1.7779724984276085e+09}