{"_timestamp":1.7779733046543303e+09,"_step":335,"loss":0.009860765188932419,"reward_avg":-0.07500000298023224,"_wandb":{"runtime":326},"_runtime":326,"score":40,"epsilon":0.01}